<?xml version="1.0" encoding="UTF-8"?>
<project-private xmlns="http://www.netbeans.org/ns/project-private/1">
    <editor-bookmarks xmlns="http://www.netbeans.org/ns/editor-bookmarks/2" lastBookmarkId="0"/>
    <open-files xmlns="http://www.netbeans.org/ns/projectui-open-files/2">
        <group>
            <file>file:/C:/Users/ROG/Desktop/TARUMT/Y2.%20Semester-2/Data%20Structures%20and%20Algorithms/Assignment/ecb%20code/src/dao/ProductInitializer.java</file>
            <file>file:/C:/Users/ROG/Desktop/TARUMT/Y2.%20Semester-2/Data%20Structures%20and%20Algorithms/Assignment/ecb%20code/src/dao/ProductDAO.java</file>
            <file>file:/C:/Users/ROG/Desktop/TARUMT/Y2.%20Semester-2/Data%20Structures%20and%20Algorithms/Assignment/ecb%20code/src/adt/ArrayList.java</file>
            <file>file:/C:/Users/ROG/Desktop/TARUMT/Y2.%20Semester-2/Data%20Structures%20and%20Algorithms/Assignment/ecb%20code/src/utility/MessageUI.java</file>
            <file>file:/C:/Users/ROG/Desktop/TARUMT/Y2.%20Semester-2/Data%20Structures%20and%20Algorithms/Assignment/ecb%20code/src/entity/Product.java</file>
            <file>file:/C:/Users/ROG/Desktop/TARUMT/Y2.%20Semester-2/Data%20Structures%20and%20Algorithms/Assignment/ecb%20code/src/boundary/ProductMaintenanceUI.java</file>
            <file>file:/C:/Users/ROG/Desktop/TARUMT/Y2.%20Semester-2/Data%20Structures%20and%20Algorithms/Assignment/ecb%20code/src/control/ProductMaintenance.java</file>
            <file>file:/C:/Users/ROG/Desktop/TARUMT/Y2.%20Semester-2/Data%20Structures%20and%20Algorithms/Assignment/ecb%20code/src/adt/ListInterface.java</file>
        </group>
    </open-files>
</project-private>
